title,author,length
Gateway,Craig Alanson,Length: 21 hrs and 40 mins
The Power of Strength & Mobility,T. Mittleider,Length: 4 hrs and 6 mins
The Path of Ascension 8,C. Mantis,Length: 27 hrs and 23 mins
An American Tragedy,Theodore Dreiser,Length: 15 hrs and 38 mins
Promised in Blood,Sadie Kincaid,Length: 10 hrs and 44 mins
Hand of God,Jack Slater,Length: 10 hrs and 28 mins
House of Crimson Curses,Ruby Roe,Length: 12 hrs and 25 mins
A Little Life,Hanya Yanagihara,Length: 28 hrs and 38 mins
Leontus: Lord Solar,Rob Young,Length: 5 hrs and 44 mins
House of Flame and Shadows (Part 2 of 2) (Dramatized Adaptation),Sarah J. Maas,Length: 12 hrs
A Kingdom of Flesh and Fire (Part 2 of 2) (Dramatized Adaptation),Jennifer L. Armentrout,Length: 9 hrs
The Blind Man's Eyes,"Edwin Balmer,William MacHarg",Length: 11 hrs and 26 mins
Smooth Sailing,Kristen Ashley,Length: Not Yet Known
The Brave,Dannika Dark,Length: 11 hrs and 52 mins
Intrigued by Danger,Endiya Carter,Length: 15 hrs and 51 mins
Nowhere to Hide,Andrew Grey,Length: 3 hrs and 32 mins
Point of Impact,"J.N. Chaney,Terry Maggert",Length: 9 hrs and 26 mins
The New Thought Treasury,"Napoleon Hill,Mitch Horowitz,Claude M. Bristol,Wallace D. Wattles,George S. Clason,Joseph Murphy,Neville Goddard,Catherine Ponder,Genevieve Behrend",Length: 56 hrs and 29 mins
Wild Side,Elsie Silver,Length: 12 hrs and 17 mins
Nightshade,Michael Connelly,Length: 11 hrs and 30 mins
The Crash,Freida McFadden,Length: 9 hrs and 13 mins
An Indomitable Woman,Sarah F. Noel,Length: 8 hrs and 50 mins
Source Code,Bill Gates,Length: 11 hrs and 41 mins
King Sorrow,Joe Hill,Length: 12 hrs
The Fallen and the Kiss of Dusk,Carissa Broadbent,Length: 17 hrs and 46 mins
The Next Conversation,Jefferson Fisher,Length: 11 hrs
Cry Havoc,Jack Carr,Length: 15 hrs and 30 mins
The Tenant,Freida McFadden,Length: 9 hrs and 43 mins
"Heretical Fishing 4: A Cozy Guide to Annoying the Cults, Outsmarting the Fish, and Alienating Oneself",Haylock Jobson,Length: 21 hrs and 6 mins
Framed in Death,J. D. Robb,Length: 12 hrs and 51 mins
A Shot to Kill,Elle Gray,Length: 7 hrs and 31 mins
Never Flinch,Stephen King,Length: 20 hrs
Freaky Curses,Amanda M. Lee,Length: 8 hrs and 23 mins
Indiscretion,Vi Keeland,Length: 8 hrs and 49 mins
The Primal of Blood and Bone,Jennifer L. Armentrout,Length: 24 hrs
The Sirens' Call,Chris Hayes,Length: 8 hrs and 54 mins
The Seven Rings,Nora Roberts,Length: 14 hrs and 30 mins
Garden of Sanctuary,pirateaba,Length: 32 hrs and 59 mins
Casualties of Consequence,"J.N. Chaney,Terry Maggert",Length: 13 hrs and 45 mins
The Fall Risk,Abby Jimenez,Length: 2 hrs
The 5 Types of Wealth,Sahil Bloom,Length: 10 hrs and 25 mins
This Inevitable Ruin,Matt Dinniman,Length: Not Yet Known
Pure Human,Gregg Braden,Length: 9 hrs and 55 mins
Fighting Past Pain,Daniel Schinhofen,Length: 10 hrs and 12 mins
Shadow Heart,Morgan B Lee,Length: 13 hrs and 12 mins
Anathema,Keri Lake,Length: 21 hrs and 18 mins
Caught Up,Navessa Allen,Length: Not Yet Known
Sin: The Mate Games,"Meg Anne,K. Loraine",Length: 8 hrs and 30 mins
Everything Is Tuberculosis,John Green,Length: 5 hrs
When Wizards Follow Fools,Andrew Rowe,Length: 21 hrs and 2 mins
Midnight Black,Mark Greaney,Length: Not Yet Known
The Hallmarked Man,Robert Galbraith,Length: 32 hrs
Secret Societies and Spiritual Warfare,Frederick Dodson,Length: 6 hrs and 14 mins
The Life-Changing Magic of Tidying Up,Marie Kondo,Length: 5 hrs and 46 mins
The War of the Noobs,Ryan Rimmel,Length: 16 hrs and 7 mins
Battle Mountain,C.J. Box,Length: 11 hrs and 45 mins
Requirements,SunriseCV,Length: 19 hrs and 45 mins
Throne of Glass (Dramatized Adaptation),Sarah J. Maas,Length: 11 hrs
Good Dirt,Charmaine Wilkerson,Length: 11 hrs and 27 mins
Contention,Sean Oswald,Length: 15 hrs and 16 mins
Soul Knight 2,JJ Bookerson,Length: 20 hrs and 34 mins
The Little Book of Bitcoin,"Anthony Scaramucci,Michael Saylor - foreword",Length: 5 hrs and 38 mins
12 Classic Books You Need to Read Before You Grow Up,"Antoine de Saint-Exupery,Lewis Carroll,Robert Louis Stevenson,Frances Hodgson Burnett,Mark Twain,Eleanor H. Porter,Jules Verne,Charles Dickens,Jack London,Lyman Frank Baum,Margery Williams,J.M. Barrie",Length: 53 hrs and 10 mins
Querido diario esencial,Tazarte,Length: 6 hrs and 42 mins
Where Did You Go?,Jeneane O'Riley,Length: 10 hrs and 51 mins
The End of the World as We Know It,"Christopher Golden - contributor,Brian Keene - contributor,Stephen King - introduction",Length: 26 hrs and 30 mins
Sunrise on the Reaping,Suzanne Collins,Length: Not Yet Known
Rebel World,B.V. Larson,Length: 13 hrs and 20 mins
The King's Captive: Magiford Supernatural City,K. M. Shea,Length: 9 hrs and 43 mins
Nemesis,Gregg Hurwitz,Length: 16 hrs and 19 mins
Do This Before Bed,Oliver Nino,Length: 6 hrs and 53 mins
Strangers in Time,David Baldacci,Length: 13 hrs
Open Season,Jonathan Kellerman,Length: 9 hrs and 10 mins
Moonfall,Selkie Myth,Length: 7 hrs and 47 mins
MeatEater's American History,Steven Rinella,Length: 7 hrs and 32 mins
Great Big Beautiful Life,Emily Henry,Length: 11 hrs and 30 mins
Saviors,Brian J. Nordon,Length: 20 hrs and 56 mins
Just Like That,Lena Hendrix,Length: 10 hrs and 35 mins
Legionnaire,"Jason Anspach,Nick Cole",Length: 7 hrs and 14 mins
Graveyard of Demons,Larry Correia,Length: Not Yet Known
First Lensman,Smith Edward Elmer,Length: 10 hrs and 57 mins
Long-Term Secrets to Short-Term Trading,Larry Williams,Length: 9 hrs and 59 mins
"Au Revoir, My Duke","Amanda Mariel,Wallflowers Revenge",Length: 4 hrs
The Black Wolf,Louise Penny,Length: 12 hrs and 51 mins
Scythe & Sparrow,Brynne Weaver,Length: 11 hrs and 36 mins
We All Live Here,Jojo Moyes,Length: 12 hrs and 38 mins
Big Dumb Eyes,Nate Bargatze,Length: 7 hrs
Madness,Shantel Tessier,Length: 23 hrs and 33 mins
The Man the Moment Demands,Jason Wilson,Length: 6 hrs and 27 mins
Stepbrother Dearest,Penelope Ward,Length: 7 hrs and 58 mins
I'll Have What She's Having,Chelsea Handler,Length: 7 hrs
The Path to Loving Him,Meghan Quinn,Length: 13 hrs and 50 mins
Phantom,H. D. Carlton,Length: 8 hrs and 53 mins
Tell Me What You Did,Carter Wilson,Length: 9 hrs and 50 mins
The Technological Republic,"Alexander C. Karp,Nicholas W. Zamiska",Length: 11 hrs
"The Mad Mick Box Set, Volume 3",Franklin Horton,Length: 29 hrs and 2 mins
Superagency,"Reid Hoffman,Greg Beato",Length: 7 hrs and 58 mins
Coerced Queen,Charmaine Pauls,Length: 12 hrs and 55 mins
The Harder I Fight the More I Love You,Neko Case,Length: 7 hrs and 1 min
Food for Thought,Alton Brown,Length: 6 hrs and 59 mins
This Far,Allison Holker,Length: 8 hrs and 38 mins
Happy Lies,Melissa Dougherty,Length: 8 hrs and 20 mins
Punishment-Free Parenting,"Jon Fogel,Tina Payne Bryson - foreword",Length: 5 hrs and 56 mins
Denali,Austin Bunn,Length: 1 hr and 16 mins
Ormond,Maria Edgeworth,Length: 13 hrs and 35 mins
Second Stage Lensmen,Smith Edward Elmer ('Doc'),Length: 10 hrs and 30 mins
Binding 13,"Chloe Walsh,Antona Simongiovanni - traducteur",Length: 22 hrs and 53 mins
The Eurasian Century,Hal Brands,Length: 11 hrs and 33 mins
Open Socrates,Agnes Callard,Length: 12 hrs and 14 mins
Haunting Adeline,H. D. Carlton,Length: 15 hrs and 49 mins
The Runic Artist: Painted Path,Ellake,Length: 17 hrs and 54 mins
Your Story Has a Villain,"Jonathan Pokluda,Jon Green - contributor",Length: 5 hrs and 40 mins
Mistral's Kiss,Laurell K. Hamilton,Length: 7 hrs and 18 mins
Untitled Thursday Murder Club 5,Richard Osman,Length: 11 hrs
Annie Besant,Annie Wood Besant,Length: 9 hrs and 14 mins
Paranoia,"James Patterson,James O. Born",Length: 8 hrs and 39 mins
Behold a White Horse,Mark Goodwin,Length: 6 hrs and 52 mins
Alas de Ónix [Onyx Storm],Rebecca Yarros,Length: 27 hrs and 46 mins
Madame Bovary by Gustave Flaubert,Gustave Flaubert,Length: 12 hrs and 21 mins
The Devils,Joe Abercrombie,Length: 23 hrs
Credence,Penelope Douglas,Length: 16 hrs and 55 mins
Blaze,Lynn Raye Harris,Length: 10 hrs and 20 mins
Feelings for You,Shvonne Latrice,Length: 10 hrs
The Fire Is for You,Travis Hearn,Length: 4 hrs and 6 mins
Can't Get Enough,Kennedy Ryan,Length: 14 hrs and 30 mins
The Medici Return,Steve Berry,Length: 14 hrs and 2 mins
Dunes of Midnight,James T. Callum,Length: 15 hrs and 52 mins
The Grandmother,Jane E. James,Length: 8 hrs and 39 mins
Chase Lovett Wants Me,Helena Hunting,Length: 6 hrs and 6 mins
Fahrenheit-182,"Mark Hoppus,Dan Ozzi",Length: 8 hrs
Survive and Advance,Derek Lewis,Length: 5 hrs and 57 mins
Galactic Patrol,E.E. Smith,Length: 8 hrs and 35 mins
The Dispatcher,Ryan David Jahn,Length: 10 hrs and 38 mins
Defiance of the Fall 14,"TheFirstDefier,JF Brink",Length: 21 hrs and 54 mins
Unaffiliated Healer,Jonathan Brooks,Length: 15 hrs and 34 mins
"The Condemned Villainess Goes Back in Time and Aims to Become the Ultimate Villain (Light Novel), Vol. 3",Bakufu Narayama,Length: 8 hrs and 57 mins
The Shimmering Labyrinth,Always RollsAOne,Length: 15 hrs and 6 mins
Catalyst,Sarah Hawke,Length: 14 hrs
Returner's Defiance 2,Bruce Sentar,Length: 14 hrs and 27 mins
The Dungeon Anarchist's Cookbook,Matt Dinniman,Length: 16 hrs and 54 mins
The Broken Night,D.E. Sherman,Length: 16 hrs and 29 mins
"Hack your Body, Heal your Mind",BBC Studios,Length: 2 hrs and 41 mins
"Accomplishments of the Duke's Daughter (Light Novel), Vol. 4",Reia,Length: 5 hrs and 55 mins
Sabotage,Shantel Tessier,Length: 7 hrs and 12 mins
Son of a Witch,Gregory Maguire,Length: 14 hrs and 16 mins
Deep End,Ali Hazelwood,Length: 13 hrs and 46 mins
1 Last Shot,Nikki Castle,Length: 11 hrs and 9 mins
Protocols,Andrew D. Huberman Ph.D.,Length: 11 hrs
By Hook & Crook,S. G. Karam,Length: 11 hrs and 12 mins
Inner Voice,Aine McCuin,Length: 57 mins
Galactic Outlaws,"Jason Anspach,Nick Cole",Length: 10 hrs and 9 mins
Chance,Lynn Raye Harris,Length: 9 hrs and 27 mins
Steal My Heart,Laura Pavlov,Length: 9 hrs
"Dungeon Core Online, Book Five (Remastered Edition)",Jonathan Smidt,Length: 10 hrs and 32 mins
Comforting the Grump,Nora Phoenix,Length: 7 hrs and 34 mins
The Fix,Ian Morgan Cron,Length: 7 hrs and 11 mins
"Sylver Seeker, Books 1-4: A LitRPG Adventure",Kennit Kenway,Length: 86 hrs and 55 mins
Carl's Doomsday Scenario,Matt Dinniman,Length: 11 hrs and 28 mins
The Moon & His Tides,Giana Darling,Length: 10 hrs and 59 mins
When the Moon Hits Your Eye,John Scalzi,Length: Not Yet Known
Chilling Reflections,Drew Hayes,Length: 34 hrs
The Dratsie Dilemma,G. L. Carriger,Length: 13 hrs and 2 mins
Flamespitter,Jonathan Smidt,Length: 12 hrs and 13 mins
The Proposal Play,Lauren Blakely,Length: 14 hrs and 2 mins
The Antiquary,Sir Walter Scott,Length: 18 hrs and 57 mins
The Gate of the Feral Gods,Matt Dinniman,Length: 18 hrs and 3 mins
Lethal Prey,John Sandford,Length: 11 hrs and 30 mins
Orc's Craving,Ava Ross,Length: 6 hrs and 44 mins
Edge of Honor,Brad Thor,Length: 12 hrs
Kihei Kidnapping,Jasmine Webb,Length: 5 hrs and 26 mins
Dark Lord: Star Wars Legends,James Luceno,Length: 10 hrs and 41 mins
Psionic Elite 2,Danny Rogan,Length: 11 hrs and 38 mins
Fearless,Lauren Roberts,Length: 17 hrs and 30 mins
The Reckoning (Part 1 of 2) (Dramatized Adaptation),"Susanne Valenti,Caroline Peckham,James Konicek",Length: 6 hrs and 38 mins
"Curated True Crime: Six Volumes of Murder, Madness & Mayhem #2","Jamie Malton,Aiden Galway",Length: 23 hrs and 24 mins
The Butcher's Masquerade,Matt Dinniman,Length: 23 hrs and 33 mins
The Naughtier List,Jade West,Length: 19 hrs and 49 mins
Throne of the Dragon King,TJ Kelley,Length: 3 hrs and 24 mins
Requiem Infernal,Peter Fehervari,Length: 13 hrs and 50 mins
Head Cases,John McMahon,Length: 9 hrs and 36 mins
Lessons from the Admiral,Mark C. Fava,Length: 3 hrs and 39 mins
Tartufo,Kira Jane Buxton,Length: 11 hrs and 31 mins
Scandalous Kingpin,Eva Winners,Length: 8 hrs and 52 mins
Amazon Apocalypse 3,Marvin Knight,Length: 20 hrs and 31 mins
Say You'll Remember Me,Abby Jimenez,Length: 10 hrs
The Perfect Crime,Blake Pierce,Length: 4 hrs and 46 mins
Bonded in Death,J. D. Robb,Length: 13 hrs and 50 mins
The Rise and Fall of the Third Reich,William L. Shirer,Length: 57 hrs and 11 mins
By Any Other Name,Jodi Picoult,Length: 18 hrs and 25 mins
The 5 Second Rule,Mel Robbins,Length: 7 hrs and 35 mins
Forever Lasting,Kathleen Brooks,Length: 8 hrs and 38 mins
Crown of Midnight,Sarah J. Maas,Length: 12 hrs and 43 mins
"Gemini Group Boxset, Books 1-4",Riley Edwards,Length: 32 hrs and 55 mins
My Dear Hemlock,Tilly Dillehay,Length: 4 hrs and 12 mins
Mindmasters,Sandra Matz,Length: 6 hrs and 8 mins
Waste Land,Robert D. Kaplan,Length: 6 hrs and 42 mins
Lights Out,Navessa Allen,Length: 13 hrs and 38 mins
The Best Man's Secret,Ana Ashley,Length: 6 hrs and 3 mins
Reckless Love,Willow Aster,Length: 8 hrs and 20 mins
The Practical Guide to a Healthy Marriage,D.S. Loden,Length: 4 hrs and 40 mins
Rebel Witch,Kristen Ciccarelli,Length: 13 hrs and 43 mins
Oathbringer,Brandon Sanderson,Length: 55 hrs and 5 mins
The Talentless Prince Is a Governor,"Wolfe Locke,Mike Caliban",Length: 25 hrs and 51 mins
"Harry Potter and the Sorcerer's Stone, Book 1",J.K. Rowling,Length: 8 hrs and 18 mins
Empire of Storms,Sarah J. Maas,Length: 25 hrs and 18 mins
The Eye of the Bedlam Bride,Matt Dinniman,Length: 26 hrs and 46 mins
The Chains of Fate,Samantha Amstutz,Length: 15 hrs and 50 mins
A Cowboy's New Family,Jessie Gussman,Length: 7 hrs and 22 mins
Take Control of Your Life,Mel Robbins,Length: 10 hrs and 3 mins
The Well of Ascension,Brandon Sanderson,Length: 28 hrs and 56 mins
Goldfinch,Raven Kennedy,Length: 21 hrs and 41 mins
House of Earth and Blood,Sarah J. Maas,Length: 27 hrs and 50 mins
Sylver Seeker 6,Kennit Kenway,Length: 19 hrs and 52 mins
Words of Radiance,Brandon Sanderson,Length: 48 hrs and 15 mins
Prepper Nation,Tom Abrahams,Length: 8 hrs and 53 mins
Bonds of Hercules,Jasmine Mas,Length: 12 hrs
A Court of Mist and Fury (Part 1 of 2) (Dramatized Adaptation),Sarah J. Maas,Length: 8 hrs and 26 mins
A Storm of Swords,George R.R. Martin,Length: 47 hrs and 34 mins
Becoming Supernatural,Joe Dispenza,Length: 14 hrs and 6 mins
Vengeance from Beyond,"Ian Fortey,Ron Ripley,Scare Street",Length: 8 hrs and 9 mins
The Hero of Ages,Brandon Sanderson,Length: 27 hrs and 25 mins
Rapid Weight Loss Hypnosis: 2 in 1 Bundle,Alisha Kapani,Length: 12 hrs and 33 mins
The Black: Evolution,Paul E Cooley,Length: 8 hrs and 43 mins
The Belvedere Murders,Karen Baugh Menuhin,Length: 8 hrs and 38 mins
AvX,Jennifer Julie Miller,Length: 5 hrs and 38 mins
Dune Messiah,Frank Herbert,Length: 8 hrs and 57 mins
Employment Is Dead,"Deborah Perry Piscione,Josh Drean",Length: 8 hrs and 1 min
House of Sky and Breath,Sarah J. Maas,Length: 27 hrs and 42 mins
Sherlock Holmes: The Definitive Collection,"Arthur Conan Doyle,Stephen Fry - introductions",Length: 71 hrs and 57 mins
Star Wars: The Mask of Fear (Reign of the Empire),Alexander Freed,Length: 13 hrs
The Fellowship of the Ring,J. R. R. Tolkien,Length: 19 hrs and 7 mins
The Laws of Human Nature,Robert Greene,Length: 28 hrs and 26 mins
Soul Guardian,Alex Karne,Length: 11 hrs and 7 mins
Breaking the Habit of Being Yourself,Joe Dispenza,Length: 10 hrs and 49 mins
Rhythm of War,Brandon Sanderson,Length: 57 hrs and 26 mins
Fourth Wing (Part 2 of 2) (Dramatized Adaptation),Rebecca Yarros,Length: 9 hrs and 22 mins
Priest: A Love Story,Sierra Simone,Length: 8 hrs and 7 mins
A Court of Mist and Fury (Part 2 of 2) (Dramatized Adaptation),Sarah J. Maas,Length: 8 hrs and 23 mins
The Coldest Night: EMP Survival in a Powerless World Boxset,"Robert J. Walker,Colton Lively,Roger Hayden",Length: 27 hrs and 6 mins
Charlotte's Reject,K. R. Treadway,Length: 11 hrs and 38 mins
Never Be Sick Again,Chad Gonzales,Length: 5 hrs and 45 mins
Seaside Serenade,Melissa Foster,Length: 1 hr and 3 mins
The Two Towers,J. R. R. Tolkien,Length: 20 hrs and 46 mins
Mediumship,Suzanne Giesemann,Length: 6 hrs and 44 mins
Chaos,Ashlynn Author,Length: 10 hrs and 24 mins
Good Pucking Luck,Riley Hart,Length: 6 hrs and 39 mins
Siren's Test,Jessica Cage,Length: 7 hrs and 20 mins
Threshold,Will Wight,Length: 8 hrs and 35 mins
The Odyssey,Homer,Length: 10 hrs and 36 mins
Gate Lord 1,"Dante King,Ryan Vermont",Length: 8 hrs and 40 mins
Fourth Wing,Rebecca Yarros,Length: 21 hrs and 22 mins
The Boyfriend,Freida McFadden,Length: 9 hrs and 20 mins
Golden Son,Pierce Brown,Length: 19 hrs and 3 mins
Elon Musk,Walter Isaacson,Length: 20 hrs and 39 mins
Queen of Shadows,Sarah J. Maas,Length: 20 hrs and 43 mins
The Life Impossible,Matt Haig,Length: 10 hrs and 43 mins
Sol Anchor 2,Benjamin Darr,Length: 10 hrs and 59 mins
The Housemaid's Secret,Freida McFadden,Length: 9 hrs and 44 mins
A Clash of Kings,George R.R. Martin,Length: 37 hrs and 12 mins
The Chronicles of Narnia Complete Audio Collection,C. S. Lewis,Length: 33 hrs and 45 mins
Emily Wilde's Compendium of Lost Tales,Heather Fawcett,Length: 12 hrs
The Housemaid Is Watching,Freida McFadden,Length: 11 hrs and 42 mins
Iron Flame (Part 2 of 2) (Dramatized Adaptation),Rebecca Yarros,Length: 9 hrs and 27 mins
A Court of Mist and Fury,Sarah J. Maas,Length: 23 hrs and 16 mins
Iron Flame,Rebecca Yarros,Length: 28 hrs and 16 mins
Final Victim,Gregg Olsen,Length: 8 hrs and 7 mins
La Guía Definitiva de ChatGPT [The Definitive Guide to ChatGPT],Percival C. Verena,Length: 3 hrs and 16 mins
A Court of Wings and Ruin,Sarah J. Maas,Length: 25 hrs and 9 mins
The Silver Bullets of Annie Oakley: An Elemental Masters Novel,Mercedes Lackey,Length: 11 hrs and 22 mins
Hunting Adeline,H. D. Carlton,Length: 17 hrs and 24 mins
The Adventure of the Seven Christmas Cards,Anthony Horowitz,Length: 57 mins
My Big TOE: Awakening,Thomas Campbell,Length: 11 hrs and 11 mins
One Dark Window,Rachel Gillig,Length: 12 hrs and 44 mins
Iron Flame (Part 1 of 2) (Dramatized Adaptation),Rebecca Yarros,Length: 11 hrs and 38 mins
"Harry Potter and the Goblet of Fire, Book 4",J.K. Rowling,Length: 20 hrs and 36 mins
Outlive,"Peter Attia MD,Bill Gifford - contributor",Length: 17 hrs and 7 mins
A Court of Silver Flames,Sarah J. Maas,Length: 26 hrs and 5 mins
The Apprentice Mistress,Christopher G. Nuttall,Length: 11 hrs and 48 mins
"The America Falls Omnibus, Books 1-11",Scott Medbury,Length: 59 hrs and 35 mins
A Court of Frost and Starlight,Sarah J. Maas,Length: 6 hrs and 23 mins
My Pucking Crush,"Tori Chase,Deborah Garland",Length: 8 hrs and 28 mins
Not Till We Are Lost,Dennis E. Taylor,Length: 11 hrs and 41 mins
Able Bodied Soldier 1,"Jason Anspach,J.N. Chaney",Length: 12 hrs and 47 mins
The Way We Score,Tia Louise,Length: 9 hrs and 31 mins
Please Don't Tell My Parents I Saved the World Again,Richard Roberts,Length: 11 hrs and 15 mins
The Husband,Daniel Hurst,Length: 7 hrs and 10 mins
Wool,Hugh Howey,Length: 15 hrs
Cozy Witch Mysteries: Special Edition Box Set of 8 Books,Angela Pepper,Length: 77 hrs and 20 mins
C. S. Lewis Essential Audio Library,C. S. Lewis,Length: 38 hrs and 50 mins
Peace & Quiet,Grey Huffington,Length: 2 hrs and 3 mins
Magebreaker 2,Declan Court,Length: 12 hrs and 21 mins
"Mark of the Crijik, Books 1-4",ThinkTwice,Length: 50 hrs and 54 mins
Hellmarine: They Shall Know Fear,"Virgil Knightley,Alphonse Fisk",Length: 13 hrs and 12 mins
"Harry Potter and the Half-Blood Prince, Book 6",J.K. Rowling,Length: 18 hrs and 32 mins
Consider Me,Becka Mack,Length: 20 hrs and 42 mins
A Court of Thorns and Roses,Sarah J. Maas,Length: 16 hrs and 7 mins
Heir of Fire,Sarah J. Maas,Length: 17 hrs and 56 mins
BattleTech,Blaine Lee Pardoe,Length: 18 hrs and 53 mins
Fourth Wing (Part 1 of 2) (Dramatized Adaptation),Rebecca Yarros,Length: 7 hrs and 52 mins
Hold Strong,"Robert Dugoni,Jeff Langholz,Chris Crabtree",Length: 13 hrs and 49 mins
The Sunlit Man: A Cosmere Novel (Dramatized Adaptation),Brandon Sanderson,Length: 9 hrs
Crime and Publishing,Steffanie Holmes,Length: 5 hrs and 51 mins
"Accomplishments of the Duke's Daughter (Light Novel), Vol. 5",Reia,Length: 5 hrs and 53 mins
"Short Story Collection, Vol. 051",Keisha Wilmore,Length: 9 hrs and 45 mins
One by One,Freida McFadden,Length: 6 hrs and 42 mins
La psicología del dinero,"Morgan Housel,Arnau Figueras Deulofeu",Length: 7 hrs and 28 mins
"The Word of Promise Audio Bible—New King James Version, NKJV: Complete Bible",Thomas Nelson Inc.,Length: 98 hrs and 1 min
The Finish Line,Kate Stewart,Length: 14 hrs and 39 mins
The Guest List,Lucy Foley,Length: 10 hrs and 22 mins
Bad Little Bride,Meagan Brandy,Length: 12 hrs and 59 mins
48 Laws of Power,Robert Greene,Length: 23 hrs and 6 mins
Torrent Witches Cozy Mysteries Complete Box Set: Books 1-10,Tess Lake,Length: 65 hrs and 31 mins
"Harry Potter and the Deathly Hallows, Book 7",J.K. Rowling,Length: 21 hrs and 36 mins
Wicked,Gregory Maguire,Length: 19 hrs and 42 mins
"The Witches of Scotland: The Complete Series, Books 1-8",Steven P Aitchison,Length: 32 hrs and 7 mins
A People's History of the United States,Howard Zinn,Length: 34 hrs and 8 mins
Targeted: Beirut,"Jack Carr,James M. Scott",Length: 14 hrs and 36 mins
Ineligible Receiver,"Emerson Beckett,Rheland Richmond",Length: 9 hrs and 12 mins
Being and Nothingness,Jean-Paul Sartre,Length: 38 hrs and 26 mins
Project Hail Mary,Andy Weir,Length: 16 hrs and 10 mins
The History of the Ancient World,Susan Wise Bauer,Length: 26 hrs and 20 mins
The Five Year Lie,Sarina Bowen,Length: 12 hrs and 41 mins
How to Not Suck as a Christian,Jeremy Steele,Length: 4 hrs and 20 mins
Why We Sleep,Matthew Walker,Length: 13 hrs and 52 mins
Counting Miracles,Nicholas Sparks,Length: 10 hrs and 45 mins
Forever with the CEO,Layla Hagen,Length: 8 hrs and 25 mins
Morning Star,Pierce Brown,Length: 21 hrs and 50 mins
Hunting Adeline,H. D. Carlton,Length: 21 hrs and 49 mins
The Moretti Men: Devils Thirst,Jill Ramsower,Length: 9 hrs and 12 mins
The Life Cycle of the Common Octopus,Emma Knight,Length: 10 hrs and 8 mins
"Harry Potter and the Chamber of Secrets, Book 2",J.K. Rowling,Length: 9 hrs and 2 mins
"Harry Potter and the Prisoner of Azkaban, Book 3",J.K. Rowling,Length: 11 hrs and 49 mins
"Harry Potter and the Order of the Phoenix, Book 5",J.K. Rowling,Length: 26 hrs and 28 mins
Jezebel & the Prophet,Tiffany Buckner,Length: 17 hrs and 38 mins
The Dark Hours,Amy Jordan,Length: 10 hrs and 18 mins
Fairy Tale,Stephen King,Length: 24 hrs and 6 mins
The Lost World,Vaughn Heppner,Length: 13 hrs and 35 mins
30 Days to a New Relationship with Alcohol,"Holly Whitaker,30-Day Guides to Improve Your Life",Length: 3 hrs and 52 mins
Crossroads Queen: Books 1-3,Annabel Chase,Length: 21 hrs and 3 mins
Confronting the Presidents,"Bill O'Reilly,Martin Dugard",Length: 16 hrs and 26 mins
Wild West Village,Lola Kirke,Length: 5 hrs and 35 mins
Superbloom,Nicholas Carr,Length: 9 hrs and 30 mins
Meditations,Marcus Aurelius,Length: 4 hrs and 26 mins
Never Lie,Freida McFadden,Length: 7 hrs and 20 mins
11-22-63,Stephen King,Length: 30 hrs and 40 mins
Revenge of the Tipping Point,Malcolm Gladwell,Length: 8 hrs and 25 mins
Lost Light: The Complete Survival Thriller Series Box Set,Kyla Stone,Length: 55 hrs and 51 mins
Vindication's Path,Levi Werner,Length: 12 hrs and 32 mins
How to Trust and Be Trusted,Rachel Botsman,Length: 2 hrs and 39 mins
Diary of a Wimpy Kid: Hot Mess,Jeff Kinney,Length: 2 hrs and 6 mins
The Girl from Blind River,Gale Massey,Length: 7 hrs and 55 mins
Living Life Backward,David Gibson,Length: 5 hrs and 9 mins
Hábitos atómicos (Español neutro),James Clear,Length: 9 hrs and 1 min
Bean,"Nora Phoenix,E.M. Lindsey",Length: 8 hrs and 50 mins
Come As You Are: Revised and Updated,Emily Nagoski PhD,Length: 11 hrs and 30 mins
Duty's Reward,M. Tress,Length: 16 hrs and 30 mins
The Big Empty,Robert Crais,Length: 8 hrs and 25 mins
Wind and Truth,Brandon Sanderson,Length: 62 hrs and 48 mins
He Who Fights with Monsters: A LitRPG Adventure,"Shirtaloon,Travis Deverell",Length: 28 hrs and 56 mins
Empire of the Summer Moon,S. C. Gwynne,Length: 15 hrs and 9 mins
The Let Them Theory,Mel Robbins,Length: 10 hrs and 38 mins
Fun Facts Book,Kent Jameson,Length: 3 hrs and 26 mins
Becoming Sherlock - The Red Circle,"Sarah J. Naughton,Anthony Horowitz",Length: 9 hrs and 17 mins
Never Finished,David Goggins,Length: 11 hrs and 6 mins
"An Irish Village Mystery Bundle, Books 1-3",Carlene O'Connor,Length: 29 hrs and 55 mins
"Azarinth Healer, Book Four",Rhaegar,Length: 23 hrs and 2 mins
The Devil's Hunt,E.L. Emkey,Length: 10 hrs and 24 mins
Kayla's Trick,Jean Grainger,Length: 7 hrs and 44 mins
The Cloverleigh Farms Collection,Melanie Harlow,Length: 41 hrs and 50 mins
Poison Garden,L J Ross,Length: 8 hrs and 1 min
The Complete Novels of Charles Dickens: All 15 Novels & The Christmas Stories,Charles Dickens,Length: Not Yet Known
The Night Is Defying,Chloe C. Peñaranda,Length: 19 hrs and 39 mins
Second Chance Swordsman 4,Jakob Tanner,Length: 12 hrs and 38 mins
Fae and Fare,pirateaba,Length: 61 hrs and 4 mins
Cadaver: The Complete Zombie Apocalypse Series,Nick Clausen,Length: 36 hrs and 54 mins
Catching Fire,Suzanne Collins,Length: 11 hrs and 3 mins
The Women,Kristin Hannah,Length: 14 hrs and 57 mins
Tempest of Wrath and Vengeance,Melissa Roehrich,Length: 22 hrs and 47 mins
Overpowered Wizard,Hunter Mythos,Length: 34 hrs and 19 mins
The Subtle Art of Not Giving a F*ck,Mark Manson,Length: 5 hrs and 17 mins
Ansiedad social [Social Anxiety],Jane Kennedy,Length: 4 hrs
Mockingjay,Suzanne Collins,Length: 11 hrs and 19 mins
Skyshade,Alex Aster,Length: 11 hrs and 37 mins
Mark of the Fool 7,J.M. Clarke,Length: 21 hrs and 27 mins
The Primal Hunter 10,Zogarth,Length: 20 hrs and 23 mins
Muse.,Grey Huffington,Length: 1 hr and 27 mins
Magic of Knowing What You Want,Tracey Gee,Length: 5 hrs and 55 mins
Charlotte Gibson Mysteries Books 4-6 Boxed Set,Jasmine Webb,Length: 17 hrs and 52 mins
The Hobbit,J. R. R. Tolkien,Length: 10 hrs and 25 mins
Warrior Fae,"Caroline Peckham,Susanne Valenti",Length: 29 hrs and 37 mins
The Two Towers,J. R. R. Tolkien,Length: 16 hrs and 40 mins
Onyx Storm,Rebecca Yarros,Length: 23 hrs and 52 mins
"The Maddie Castle Series, Books 1-3: The Handler - Tracking Justice - Hunting Grounds (Maddie Castle Box Sets Book 1)","L.T. Ryan,C.R. Gray",Length: 27 hrs and 20 mins
The Shadow Work Solution,J.G. Hoxie,Length: 3 hrs and 20 mins
"Jaiden, the King Who Got Me",Miss Jenesequa,Length: 11 hrs and 28 mins
Dune,Frank Herbert,Length: 21 hrs and 2 mins
The Stand,Stephen King,Length: 47 hrs and 47 mins
The Way of Kings,Brandon Sanderson,Length: 45 hrs and 30 mins
Kingdom of Ash,Sarah J. Maas,Length: 33 hrs and 11 mins
The Heaven & Earth Grocery Store,James McBride,Length: 12 hrs and 21 mins
A Dance with Dragons,George R.R. Martin,Length: 48 hrs and 55 mins
The End of All Things: The Complete Series,Mike Kraus,Length: 62 hrs and 31 mins
The Midnight Arrow,Zoey Draven,Length: 5 hrs and 46 mins
Dino Tribes Omnibus: Books 1-3,Marcus Sloss,Length: 34 hrs and 28 mins
How to Talk to Anyone,Leil Lowndes,Length: 8 hrs and 59 mins
Greenlights,Matthew McConaughey,Length: 6 hrs and 51 mins
The Silmarillion,"J. R. R. Tolkien,Christopher Tolkien",Length: 19 hrs and 24 mins
Curvy Girl Summer,Danielle Allen,Length: 12 hrs and 23 mins
Cher: Part One,Cher,Length: 15 hrs and 47 mins
The Unplanned Wedding,L. Steele,Length: 13 hrs and 51 mins
"Mark Twain: The $30,000 Bequest and Other Short Stories",Mark Twain,Length: 10 hrs and 8 mins
Twisted Love,Ana Huang,Length: 10 hrs and 41 mins
The Housemaid,Freida McFadden,Length: 9 hrs and 46 mins
Quicksilver,Callie Hart,Length: 20 hrs and 41 mins
The Return of the King,J. R. R. Tolkien,Length: 21 hrs and 52 mins
Tropical Storm,Scott Cook,Length: 6 hrs and 22 mins
Saint Baptiste 2,Miss Candice,Length: 7 hrs and 37 mins
Jurassic Park,Michael Crichton,Length: 15 hrs and 10 mins
Flowers of Esthelm,pirateaba,Length: 37 hrs and 37 mins
Does It Hurt?,H. D. Carlton,Length: 12 hrs and 7 mins
The Unfinished Line,Jen Lyon,Length: 14 hrs and 18 mins
Baby City,"Freida McFadden,Kelly Stoddard",Length: 9 hrs and 33 mins
ONYX STORM (Italian Edition),Rebecca Yarros,Length: 25 hrs and 15 mins
Rich Dad Poor Dad: 20th Anniversary Edition,Robert T. Kiyosaki,Length: 8 hrs and 22 mins
Henry V,Dan Jones,Length: 14 hrs and 41 mins
Demon Copperhead,Barbara Kingsolver,Length: 21 hrs and 3 mins
Be Ready When the Luck Happens,Ina Garten,Length: 8 hrs and 47 mins
The Sick Man's Rage,"Amir Tsarfati,Steve Yohn",Length: 9 hrs and 57 mins
The Red Dragon of Oxford,Joy Lynn Fielding,Length: 6 hrs and 12 mins
Sister Goldeneye: Mission 11,J.S. Morin,Length: 5 hrs and 21 mins
Can't Hurt Me,David Goggins,Length: 13 hrs and 37 mins
Shared by the Highest Bidder,Tori Chase,Length: 12 hrs and 11 mins
The Many Lives of Anne Frank,Ruth Franklin,Length: 12 hrs and 37 mins
Treading Water,B Sobjakken,Length: 4 hrs
The Handmaid's Tale,Margaret Atwood,Length: 11 hrs and 1 min
Fated over Forty: The Complete Series Collection,Meg Ripley,Length: 52 hrs and 21 mins
Remarkably Bright Creatures,Shelby Van Pelt,Length: 11 hrs and 16 mins
James,Percival Everett,Length: 7 hrs and 49 mins
The Anxious Generation,Jonathan Haidt,Length: 10 hrs and 32 mins
All the Missing Pieces,Catherine Cowles,Length: 10 hrs and 50 mins
The Fellowship of the Ring,J. R. R. Tolkien,Length: 22 hrs and 38 mins
"Chance, Annotated",Joseph Conrad,Length: 16 hrs and 54 mins
Buffett's Early Investments,Brett Gardner,Length: 7 hrs and 34 mins
Spirit Talker,Shawn Leonard,Length: 6 hrs and 25 mins
Weapons Free,Rick Partlow,Length: 7 hrs and 51 mins
Buffett and Munger Unscripted,Alex W. Morris,Length: 21 hrs and 2 mins
"Galaxy Outlaws: The Complete Black Ocean Mobius Missions, 1-16.5",J. S. Morin,Length: 85 hrs and 6 mins
Dungeon Diving in a Magical Kingdom as a Side-Hustle,Jeff Jordan,Length: 9 hrs and 13 mins
Dungeon Crawler Carl,Matt Dinniman,Length: 13 hrs and 31 mins
How My Neighbor Stole Christmas,Meghan Quinn,Length: 13 hrs and 26 mins
I Will Mend You,Gigi Styx,Length: 18 hrs and 53 mins
Under the Breaking Sky: The Complete Apocalyptic Horror Series,Nick Clausen,Length: 59 hrs and 36 mins
Think and Grow Rich,Napoleon Hill,Length: 10 hrs and 15 mins
The Great Alone,Kristin Hannah,Length: 15 hrs and 3 mins
The Keeper Chronicles: The Complete Trilogy,JA Andrews,Length: 46 hrs and 32 mins
"Listener's Audio Bible—New International Version, NIV: Complete Bible",Max McLean,Length: 75 hrs and 14 mins
Star Wars: Darth Plagueis,James Luceno,Length: 14 hrs and 45 mins
The Small and the Mighty,Sharon McMahon,Length: 10 hrs and 13 mins
A Kingdom of Flesh and Fire,Jennifer L. Armentrout,Length: 24 hrs and 21 mins
The Reason I Married Him,Meghan Quinn,Length: 16 hrs and 5 mins
Tower of Dawn,Sarah J. Maas,Length: 22 hrs and 39 mins
The Final Empire,Brandon Sanderson,Length: 24 hrs and 39 mins
Back in Your Arms,Luke Sobota,Length: 1 hr and 2 mins
The Art of Seduction,Robert Greene,Length: 5 hrs and 9 mins
It Begins with You,Jillian Turecki,Length: 8 hrs and 5 mins
The Body Keeps the Score,Bessel van der Kolk M.D.,Length: 16 hrs and 15 mins
The Mother's Phone Call,Victoria Jenkins,Length: 7 hrs and 11 mins
Nothing Much Happens,Kathryn Nicolai,Length: 10 hrs and 6 mins
The 48 Laws of Power,Robert Greene,Length: 9 hrs and 52 mins
An Unexpected Hero,"Rhett C. Bruno,Jaime Castle",Length: 16 hrs and 59 mins
If You Tell,Gregg Olsen,Length: 10 hrs and 34 mins
Lies He Told Me,"James Patterson,David Ellis",Length: 8 hrs and 6 mins
Hercule Poirot: The Complete Short Stories,Agatha Christie,Length: 35 hrs and 5 mins
Stay Toxic,Lani Lynn Vale,Length: 5 hrs and 44 mins
Disney*Pixar Storybook Collection,Disney Press,Length: 5 hrs and 33 mins
Outlander,Diana Gabaldon,Length: 32 hrs and 38 mins
The Hero She Deserves,Anna Hackett,Length: 5 hrs and 8 mins
The Adventures of Huckleberry Finn,Mark Twain,Length: 9 hrs and 44 mins
The Thursday Murder Club,Richard Osman,Length: 12 hrs and 26 mins
Harry Potter and the Goblet of Fire (Narrated by Stephen Fry),J.K. Rowling,Length: 20 hrs and 54 mins
Tomb of the Sun King,Jacquelyn Benson,Length: 17 hrs and 35 mins
It,Stephen King,Length: 44 hrs and 55 mins
One Second After,William R. Forstchen,Length: 13 hrs and 17 mins
House of Flame and Shadow,Sarah J. Maas,Length: 29 hrs and 42 mins
King of Wrath,Ana Huang,Length: 12 hrs and 5 mins
Unfu*k Yourself,Gary John Bishop,Length: 3 hrs and 24 mins
"Outcast, Book 1",Coldhollow aka Wayne Thomas Batson,Length: 12 hrs and 30 mins
Forged in Blood,Sadie Kincaid,Length: 10 hrs and 33 mins
Chimera's Fall,Glynn Stewart,Length: 12 hrs and 47 mins
Nexus,Yuval Noah Harari,Length: 17 hrs and 28 mins
The Wise Man's Fear,Patrick Rothfuss,Length: 42 hrs and 55 mins
Bog Standard Isekai: Illusionist,Miles English,Length: 18 hrs and 52 mins
Saturday Night,"Doug Hill,Jeff Weingrad",Length: 20 hrs and 5 mins
"Leader, Not a Manager",Warren Curtis,Length: 3 hrs and 53 mins
Narcissist Escape Playbook,Felicia Little,Length: 3 hrs
From Blood and Ash,Jennifer L. Armentrout,Length: 19 hrs and 46 mins
The Crown of Gilded Bones,Jennifer L. Armentrout,Length: 25 hrs and 22 mins
A Game of Thrones,George R.R. Martin,Length: 33 hrs and 46 mins
Too Soon,Betty Shamieh,Length: 12 hrs and 35 mins
Superworld 3: An Alternate Reality Fantasy,Benjamin Keyworth,Length: 12 hrs and 25 mins
Tomb of the Sun King,Jacquelyn Benson,Length: 17 hrs and 35 mins
It,Stephen King,Length: 44 hrs and 55 mins
One Second After,William R. Forstchen,Length: 13 hrs and 17 mins
House of Flame and Shadow,Sarah J. Maas,Length: 29 hrs and 42 mins
King of Wrath,Ana Huang,Length: 12 hrs and 5 mins
Unfu*k Yourself,Gary John Bishop,Length: 3 hrs and 24 mins
"Outcast, Book 1",Coldhollow aka Wayne Thomas Batson,Length: 12 hrs and 30 mins
Forged in Blood,Sadie Kincaid,Length: 10 hrs and 33 mins
Chimera's Fall,Glynn Stewart,Length: 12 hrs and 47 mins
Nexus,Yuval Noah Harari,Length: 17 hrs and 28 mins
The Wise Man's Fear,Patrick Rothfuss,Length: 42 hrs and 55 mins
Bog Standard Isekai: Illusionist,Miles English,Length: 18 hrs and 52 mins
Saturday Night,"Doug Hill,Jeff Weingrad",Length: 20 hrs and 5 mins
"Leader, Not a Manager",Warren Curtis,Length: 3 hrs and 53 mins
Narcissist Escape Playbook,Felicia Little,Length: 3 hrs
From Blood and Ash,Jennifer L. Armentrout,Length: 19 hrs and 46 mins
The Crown of Gilded Bones,Jennifer L. Armentrout,Length: 25 hrs and 22 mins
A Game of Thrones,George R.R. Martin,Length: 33 hrs and 46 mins
Too Soon,Betty Shamieh,Length: 12 hrs and 35 mins
Superworld 3: An Alternate Reality Fantasy,Benjamin Keyworth,Length: 12 hrs and 25 mins
